{"cameraMode":{"drawMode":0,"name":"Shaded","section":"Shading Mode"},"sceneLighting":true,"audioPlay":false,"sceneViewState":{"showFog":true,"showMaterialUpdate":false,"showSkybox":true,"showFlares":true,"showImageEffects":true,"showParticleSystems":true},"in2DMode":false,"pivot":{"x":0.04067916423082352,"y":-6.585361957550049,"z":9.040434837341309},"rotation":{"x":-0.29868045449256899,"y":-0.0022936894092708828,"z":0.0007175806676968932,"w":-0.9543502330780029},"size":21.645322799682618,"orthographic":false}